ZONE_,SIMPLIFIED
A-1,
A-2,
A-3,
C-1,
C-3,
C-4,
C-5,
C-6,
C-7,
C-7A,
C-8,
CD-1,
CD-10 (A),
CD-10 (B),
CD-10 (C),
CD-10 (PARK),
CD-12,
CD-13,
CD-14,
CD-15,
CD-16,
CD-17,
CD-18,
CD-19 (A),
CD-19 (B),
CD-19 (PARK),
CD-20,
CD-21,
CD-22 (A),
CD-22 (B),
CD-22 (C),
CD-22 (D),
CD-23,
CD-24 (A),
CD-24 (B),
CD-24 (C),
CD-25,
CD-3,
CD-4,
CD-5,
CD-5A,
CD-6 (A),
CD-6 (B),
CD-7,
CD-8 (A),
CD-8 (B),
CD-8 (C),
CD-8 (D),
CD-8 (E),
CD-9 (A),
CD-9 (B),
CD-9 (C),
CD-9 (CS),
CD-9 (D),
I-1,
LUC BL421,
P-1,
P-2,
P-3,
P-4,
P-5,
P-6,
P-6 (A),
P-6 (B),
P-6 (C),
P-7,
P-8,
P-9,
R-1,
R-1A,
R-1B,
R-1C,
R-2,
RM-1,
RM-2,
RM-3,
RT-1,
